SPAZIDIDATTICI,AULAMAGNA,MENSA,PALESTRAPISCINA,SPAZIAMMINISTRATIVI,SUPERAMENTOBARRIEREARCH,ACCESSORAMPE,SCALENORMA,ASCENSOREDISABILI,PIATTAFORMAELEVATRICE,SERVIZIIGIENICIDISABILI,PORTELARGHEZZADISABILI,PERCORSIINTERNIDISABILI,PERCORSIESTERNIDISABILI,ALTRIACCORGIMENTIDISABILI,IMPIANTORISCALDAMENTO,CENTRALIZZATOOLIOCOMBUSTIBILI,CENTRALIZZATOGASOLIO,CENTRALIZZATOMETANO,CENTRALIZZATOGPL,CENTRALIZZATOARIA,CORPISCALDANTIELETTRICIAUTONOMI,TELERISCALDAMENTO,CONDIZIONAMENTOVENTILAZIONE,RISCALDAMENTOALTRANATURA,RANK,NOMESCUOLA,DESCRIZIONECOMUNE,CODICESCUOLA,INDIRIZZO,LATITUDINE,LONGITUDINE,SITOWEB,DESCRIZIONETIPOLOGIAGRADOISTRUZIONESCUOLA,CODICEISTITUTORIFERIMENTO,CAPSCUOLA
True,True,True,True,True,True,True,True,True,False,True,True,True,True,True,True,False,False,True,False,False,False,False,False,True,6.8,ANTONIO GRAMSCI,VENEZIA,VEEE81002D,VIA PASSO /G,45.9169409,12.6638923,http://www.icgramscicampalto.gov.it,SCUOLA PRIMARIA,VEIC81000A,30173
True,True,True,True,True,True,True,True,True,False,True,True,True,True,True,True,False,False,True,False,False,False,False,False,True,6.8,ANTONIO GRAMSCI,VENEZIA,VEEE81001C,P.LE ZENDRINI ,45.4798232,12.2898881,http://www.icgramscicampalto.gov.it,SCUOLA PRIMARIA,VEIC81000A,30173
True,True,True,True,True,True,True,True,True,False,True,True,True,True,True,True,False,False,True,False,False,False,False,False,True,6.8,ANTONIO GRAMSCI,VENEZIA,VEAA810017,VIA SABBADINO ,45.47680250000001,12.5416211,http://www.icgramscicampalto.gov.it,SCUOLA INFANZIA,VEIC81000A,30173
True,True,True,True,True,True,True,True,True,False,True,True,True,True,True,True,False,False,True,False,False,False,False,False,True,6.8,ANTONIO GRAMSCI,VENEZIA,VEMM81001B,VIA PASSO ,43.7866937,12.8580992,http://www.icgramscicampalto.gov.it,SCUOLA PRIMO GRADO,VEIC81000A,30173
True,True,True,True,True,True,True,True,True,False,True,True,True,True,True,True,False,False,True,False,False,False,False,False,True,6.8,ANTONIO GRAMSCI,VENEZIA,VEIC81000A,VIA PASSO CAMPALTO /O,45.4864627,12.2972431,,ISTITUTO COMPRENSIVO,VEIC81000A,30173
True,True,True,True,True,True,True,True,True,False,True,True,True,True,True,True,False,False,True,False,False,False,False,False,True,6.8,ANTONIO GRAMSCI,VENEZIA,VEAA810028,P.LE S. BENEDETTO ,45.48679325,12.2937593466662,http://www.icgramscicampalto.gov.it,SCUOLA INFANZIA,VEIC81000A,30173
True,True,False,False,True,False,False,False,False,False,False,False,False,False,True,True,False,True,False,False,False,False,False,False,True,2.8,I.C. U. FOSCOLO MURANO-BURANO,VENEZIA,VEAA81402G,F.TA VENIER ,45.4578161,12.350829,http://http//www.icmuranoburano.gov.it,SCUOLA INFANZIA,VEIC81400N,30141
True,True,False,False,True,False,False,False,False,False,False,False,False,False,True,True,False,True,False,False,False,False,False,False,True,2.8,I.C. U. FOSCOLO MURANO-BURANO,VENEZIA,VEMM81401P,FONDAMENTA RADI ,27.3626503,91.7254731,http://http//www.icmuranoburano.gov.it,SCUOLA PRIMO GRADO,VEIC81400N,30141
True,True,False,False,True,False,False,False,False,False,False,False,False,False,True,True,False,True,False,False,False,False,False,False,True,2.8,I.C. U. FOSCOLO MURANO-BURANO,VENEZIA,VEEE81402R,CALLE CONVENTO 21,45.459951200000006,12.3567959,http://http//www.icmuranoburano.gov.it,SCUOLA PRIMARIA,VEIC81400N,30141
True,True,False,False,True,False,False,False,False,False,False,False,False,False,True,True,False,True,False,False,False,False,False,False,True,2.8,I.C. U. FOSCOLO MURANO-BURANO,VENEZIA,VEIC81400N,FONDAMENTA RADI ,27.3626503,91.7254731,,ISTITUTO COMPRENSIVO,VEIC81400N,30141
True,False,False,True,True,True,True,True,False,False,True,True,True,True,True,True,False,False,True,False,False,False,False,False,True,5.6,GIULIO CESARE PAROLARI,VENEZIA,VEEE82703X,VIA VICENTINO ,45.527203,12.1919325,http://www.icparolari.gov.it,SCUOLA PRIMARIA,VEIC82700Q,30174
True,False,False,True,True,True,True,True,False,False,True,True,True,True,True,True,False,False,True,False,False,False,False,False,True,5.6,GIULIO CESARE PAROLARI,VENEZIA,VEEE827063,VIA CASTELLANA 15,45.53932215,12.1752163474427,http://www.icparolari.gov.it,SCUOLA PRIMARIA,VEIC82700Q,30174
True,False,False,True,True,True,True,True,False,False,True,True,True,True,True,True,False,False,True,False,False,False,False,False,True,5.6,GIULIO CESARE PAROLARI,VENEZIA,VEEE827052,VIA DEL GAZZATO 6,45.5044881,12.2305205,http://www.icparolari.gov.it,SCUOLA PRIMARIA,VEIC82700Q,30174
True,False,False,True,True,True,True,True,False,False,True,True,True,True,True,True,False,False,True,False,False,False,False,False,True,5.6,GIULIO CESARE PAROLARI,VENEZIA,VEIC82700Q,VIA CASTELLANA 15,45.53932215,12.1752163474427,,ISTITUTO COMPRENSIVO,VEIC82700Q,30174
True,False,False,True,True,True,True,True,False,False,True,True,True,True,True,True,False,False,True,False,False,False,False,False,True,5.6,GIULIO CESARE PAROLARI,VENEZIA,VEEE827041,VIA ZANDOMENEGHI 1,45.5118731,12.2108403,http://www.icparolari.gov.it,SCUOLA PRIMARIA,VEIC82700Q,30174
True,False,False,True,True,True,True,True,False,False,True,True,True,True,True,True,False,False,True,False,False,False,False,False,True,5.6,GIULIO CESARE PAROLARI,VENEZIA,VEMM82701R,VIA TIEPOLO 8,45.4847972,12.1759961,http://www.icparolari.gov.it,SCUOLA PRIMO GRADO,VEIC82700Q,30174
True,True,True,True,True,True,True,True,True,False,True,True,True,True,True,True,False,False,True,False,False,False,False,False,True,6.8,I.C. ILARIA ALPI,VENEZIA,VEAA83401Q,VIA MONTE FADALTO ,45.5060532,12.2839609,http://www.icilariaalpifavaro.it,SCUOLA INFANZIA,VEIC83400V,30173
True,True,True,True,True,True,True,True,True,False,True,True,True,True,True,True,False,False,True,False,False,False,False,False,True,6.8,I.C. ILARIA ALPI,VENEZIA,VEMM83401X,VIA PASSO S.BOLDO 26,45.5048713,12.2786241,http://www.icilariaalpifavaro.it,SCUOLA PRIMO GRADO,VEIC83400V,30173
True,True,True,True,True,True,True,True,True,False,True,True,True,True,True,True,False,False,True,False,False,False,False,False,True,6.8,I.C. ILARIA ALPI,VENEZIA,VEIC83400V,VIA GOBBI 1,45.4927419,12.293649,,ISTITUTO COMPRENSIVO,VEIC83400V,30173
True,True,True,True,True,True,True,True,True,False,True,True,True,True,True,True,False,False,True,False,False,False,False,False,True,6.8,I.C. ILARIA ALPI,VENEZIA,VEEE834033,VIA MONTE CERVINO ,43.8764426,12.8057665,http://www.icilariaalpifavaro.it,SCUOLA PRIMARIA,VEIC83400V,30173
True,True,True,True,True,True,True,True,True,False,True,True,True,True,True,True,False,False,True,False,False,False,False,False,True,6.8,I.C. ILARIA ALPI,VENEZIA,VEEE834022,VIA TRIESTINA 0,45.511578,12.3413905,http://www.icilariaalpifavaro.it,SCUOLA PRIMARIA,VEIC83400V,30173
True,True,True,True,True,True,True,True,True,False,True,True,True,True,True,True,False,False,True,False,False,False,False,False,True,6.8,I.C. ILARIA ALPI,VENEZIA,VEEE834055,VIA GOBBI 13,45.4927419,12.293649,http://www.icilariaalpifavaro.it,SCUOLA PRIMARIA,VEIC83400V,30173
True,True,True,True,True,True,True,False,True,False,False,False,False,False,True,True,False,False,True,False,False,False,False,False,True,4.8,DANTE ALIGHIERI,VENEZIA,VEEE839014,GIUDECCA 373,45.4258541,12.3229991170211,http://www.alighierivenezia.eu,SCUOLA PRIMARIA,VEIC839002,30133
True,True,True,True,True,True,True,False,True,False,False,False,False,False,True,True,False,False,True,False,False,False,False,False,True,4.8,DANTE ALIGHIERI,VENEZIA,VEMM839013,S.MARCO 3042,45.43482885,12.334024740406196,http://www.alighierivenezia.it,SCUOLA PRIMO GRADO,VEIC839002,30124
True,False,True,True,True,True,True,True,True,False,True,True,False,False,True,True,False,False,True,False,False,False,False,False,True,5.6,"I.C. ""FRANCA ONGARO""",VENEZIA,VEEE840029,VIA BUONO DA MALAMOCCO,45.3694323,12.3377451,http://http//www.scuolelidopellestrina.gov.it/,SCUOLA PRIMARIA,VEIC840006,30010
True,False,True,True,True,True,True,True,True,False,True,True,False,False,True,True,False,False,True,False,False,False,False,False,True,5.6,"I.C. ""FRANCA ONGARO""",VENEZIA,VEEE840018,VIA MALAMOCCO 1,45.3887988,12.3511193,http://http//www.scuolelidopellestrina.gov.it/,SCUOLA PRIMARIA,VEIC840006,30126
True,False,True,True,True,True,True,True,True,False,True,True,False,False,True,True,False,False,True,False,False,False,False,False,True,5.6,"I.C. ""FRANCA ONGARO""",VENEZIA,VEAA840013,VIA BUONO DA MALAMOCCO,45.3694323,12.3377451,http://http//www.scuolelidopellestrina.gov.it/,SCUOLA INFANZIA,VEIC840006,30010
True,False,True,True,True,True,True,True,True,False,True,True,False,False,True,True,False,False,True,False,False,False,False,False,True,5.6,"I.C. ""FRANCA ONGARO""",VENEZIA,VEAA840035,VIA DEI BOTTA 323,45.319024,12.316837800000002,http://www.scuolelidopellestrina.gov.it,SCUOLA INFANZIA,VEIC840006,30126
True,False,True,True,True,True,True,True,True,False,True,True,False,False,True,True,False,False,True,False,False,False,False,False,True,5.6,"I.C. ""FRANCA ONGARO""",VENEZIA,VEEE84003A,RIVIERA SAN NICOLO' 21,45.42904160000001,12.3818924,http://www.scuolevenezialido.net,SCUOLA PRIMARIA,VEIC840006,30126
True,False,True,True,True,True,True,True,True,False,True,True,False,False,True,True,False,False,True,False,False,False,False,False,True,5.6,"I.C. ""FRANCA ONGARO""",VENEZIA,VEIC840006,VIA SANDRO GALLO ,45.39598170000001,12.3567711,,ISTITUTO COMPRENSIVO,VEIC840006,30126
True,False,True,True,True,True,True,True,True,False,False,True,False,False,True,True,False,False,True,False,False,False,False,False,True,5.2,SAN GIROLAMO,VENEZIA,VEMM84201V,CANNAREGIO 476,45.4438292,12.327037751593599,http://www.icsangirolamo.it,SCUOLA PRIMO GRADO,VEIC84200T,30121
True,False,False,True,True,True,True,True,False,False,True,True,True,True,True,True,False,False,True,False,False,False,False,False,True,5.6,SILVIO TRENTIN,VENEZIA,VEEE84401G,VIA PENELLO 1,45.52699335,12.2369021141711,http://www.istitutocomprensivotrentin.gov.it,SCUOLA PRIMARIA,VEIC84400D,30174
True,False,False,True,True,True,True,True,False,False,True,True,True,True,True,True,False,False,True,False,False,False,False,False,True,5.6,SILVIO TRENTIN,VENEZIA,VEIC84400D,VIA CAVALLETTO ,45.0527833,9.6914018,,ISTITUTO COMPRENSIVO,VEIC84400D,30174
True,False,False,True,True,True,True,True,False,True,True,True,True,True,True,True,False,False,True,False,False,False,False,False,True,6.0,FRANCESCO QUERINI,VENEZIA,VEAA846012,VIA MONTEVERDI ,45.3669838,10.4250736,http://www.icquerini.it,SCUOLA INFANZIA,VEIC846005,30171
True,False,False,True,True,True,True,True,False,True,True,True,True,True,True,True,False,False,True,False,False,False,False,False,True,6.0,FRANCESCO QUERINI,VENEZIA,VEIC846005,VIA CATALANI ,45.0742499,7.5713946,,ISTITUTO COMPRENSIVO,VEIC846005,30171
True,False,False,True,True,True,True,True,False,True,True,True,True,True,True,True,False,False,True,False,False,False,False,False,True,6.0,FRANCESCO QUERINI,VENEZIA,VEAA846023,VIA PIRAGHETTO 10,45.4886074,12.2279898,http://www.icquerini.it,SCUOLA INFANZIA,VEIC846005,30170
True,True,False,False,True,True,True,True,False,False,True,True,True,True,True,True,False,False,True,False,False,False,False,False,True,5.6,CRISTOFORO COLOMBO,VENEZIA,VEAA84701T,VIA IVANCICH ,45.4887338,12.199051400000002,http://www.comprensivocolombo.gov.it,SCUOLA INFANZIA,VEIC847001,30174
True,True,False,False,True,True,True,True,False,False,True,True,True,True,True,True,False,False,True,False,False,False,False,False,True,5.6,CRISTOFORO COLOMBO,VENEZIA,VEAA84702V,VIA PERLAN ,45.4919594,12.212009599999998,http://www.comprensivocolombo.gov.it,SCUOLA INFANZIA,VEIC847001,30174
True,True,False,False,True,True,True,True,False,False,True,True,True,True,True,True,False,False,True,False,False,False,False,False,True,5.6,CRISTOFORO COLOMBO,VENEZIA,VEMM847012,VIA DELL'EDERA 33,45.48283350000001,12.1925419,http://www.comprensivocolombo.gov.it,SCUOLA PRIMO GRADO,VEIC847001,30174
True,True,False,False,True,True,True,True,False,False,True,True,True,True,True,True,False,False,True,False,False,False,False,False,True,5.6,CRISTOFORO COLOMBO,VENEZIA,VEIC847001,VIA BOSSO ,45.48099620000001,12.198472,,ISTITUTO COMPRENSIVO,VEIC847001,30174
True,True,False,False,True,True,True,True,False,False,True,True,True,True,True,True,False,False,True,False,False,False,False,False,True,5.6,CRISTOFORO COLOMBO,VENEZIA,VEEE847035,VIA PERLAN ,45.4919594,12.212009599999998,http://www.comprensivocolombo.gov.it,SCUOLA PRIMARIA,VEIC847001,30174
True,True,False,False,True,True,True,True,False,False,True,True,True,True,True,True,False,False,True,False,False,False,False,False,True,5.6,CRISTOFORO COLOMBO,VENEZIA,VEEE847013,VIA BOSSO ,45.48099620000001,12.198472,http://www.comprensivocolombo.gov.it,SCUOLA PRIMARIA,VEIC847001,30174
True,True,False,False,True,True,True,True,False,False,True,True,True,True,True,True,False,False,True,False,False,False,False,False,True,5.6,CRISTOFORO COLOMBO,VENEZIA,VEEE847024,VIA ASSEGGIANO 163,45.50029075,12.171889521836901,http://www.comprensivocolombo.gov.it,SCUOLA PRIMARIA,VEIC847001,30174
True,True,True,True,True,True,True,False,False,False,True,True,True,True,True,True,False,False,True,False,False,False,False,False,True,6.0,I.C. F. GRIMANI,VENEZIA,VEIC870002,VIA CANAL ,46.7704914,9.060644,,ISTITUTO COMPRENSIVO,VEIC870002,30175
True,True,True,True,True,True,True,False,False,False,True,True,True,True,True,True,False,False,True,False,False,False,False,False,True,6.0,I.C. F. GRIMANI,VENEZIA,VEAA87001V,PIAZZALE SIRTORI ,45.736579,9.330845,http://www.icgrimani.gov.it,SCUOLA INFANZIA,VEIC870002,30175
True,True,True,True,True,True,True,True,False,True,True,True,True,True,True,True,False,False,True,False,False,False,False,False,True,6.8,I.C. C.BASEGGIO,VENEZIA,VEEE87101X,VIA TRIESTE 203,45.477017,12.2099696,http://www.icbaseggio.gov.it,SCUOLA PRIMARIA,VEIC87100T,30175
True,True,True,True,True,True,True,True,False,True,True,True,True,True,True,True,False,False,True,False,False,False,False,False,True,6.8,I.C. C.BASEGGIO,VENEZIA,VEMM87101V,VIA BOITO 8,45.4897042,12.1472506,http://www.icbaseggio.gov.it,SCUOLA PRIMO GRADO,VEIC87100T,30033
True,True,True,True,True,True,True,True,False,True,True,True,True,True,True,True,False,False,True,False,False,False,False,False,True,6.8,I.C. C.BASEGGIO,VENEZIA,VEEE871032,VIA MORANZANI 2,45.4363583,12.205309,http://www.icbaseggio.gov.it,SCUOLA PRIMARIA,VEIC87100T,30176
True,True,True,True,True,True,True,True,False,True,True,True,True,True,True,True,False,False,True,False,False,False,False,False,True,6.8,I.C. C.BASEGGIO,VENEZIA,VEAA87101P,VIA PARCO FERROVIARIO ,45.4786736,12.1985203,http://www.icbaseggio.gov.it,SCUOLA INFANZIA,VEIC87100T,30175
True,True,True,True,True,True,True,True,False,True,True,True,True,True,True,True,False,False,True,False,False,False,False,False,True,6.8,I.C. C.BASEGGIO,VENEZIA,VEIC87100T,VIA TRIESTE 3,45.477017,12.2099696,,ISTITUTO COMPRENSIVO,VEIC87100T,30175
True,True,True,True,True,True,True,True,False,True,True,True,True,True,True,True,False,False,True,False,False,False,False,False,True,6.8,I.C. C.BASEGGIO,VENEZIA,VEEE871043,VIA ORTOLA,44.0439927,10.1374329,http://www.icbaseggio.gov.it,SCUOLA PRIMARIA,VEIC87100T,30175
True,False,False,True,True,True,True,True,True,False,True,True,True,True,True,True,False,False,True,False,False,False,False,False,True,6.0,I.C. C. GIULIO CESARE,VENEZIA,VEAA87202G,VIA P.KOLBE ,45.4843994,12.2455031132946,http://www.scuolagiuliocesare.net/,SCUOLA INFANZIA,VEIC87200N,30172
True,False,False,True,True,True,True,True,True,False,True,True,True,True,True,True,False,False,True,False,False,False,False,False,True,6.0,I.C. C. GIULIO CESARE,VENEZIA,VEEE87201Q,VIA CAPPUCCINA 74,45.4857911,12.2376746,http://www.scuolagiuliocesare.net/,SCUOLA PRIMARIA,VEIC87200N,30172
True,False,False,True,True,True,True,True,True,False,True,True,True,True,True,True,False,False,True,False,False,False,False,False,True,6.0,I.C. C. GIULIO CESARE,VENEZIA,VEIC87200N,VIA CAPPUCCINA /D,45.4879545,12.238945,,ISTITUTO COMPRENSIVO,VEIC87200N,30172
True,False,False,True,True,True,True,True,True,False,True,True,True,True,True,True,False,False,True,False,False,False,False,False,True,6.0,I.C. C. GIULIO CESARE,VENEZIA,VEEE87202R,VIA P.KOLBE ,45.4843994,12.2455031132946,http://www.scuolagiuliocesare.net/,SCUOLA PRIMARIA,VEIC87200N,30172
True,False,False,True,True,True,True,True,True,False,True,True,True,True,True,True,False,False,True,False,False,False,False,False,True,6.0,I.C. C. GIULIO CESARE,VENEZIA,VEMM87201P,VIA CAPPUCCINA /D,45.4879545,12.238945,http://www.scuolagiuliocesare.net/,SCUOLA PRIMO GRADO,VEIC87200N,30172
True,False,False,True,True,True,True,True,True,False,True,True,True,True,True,True,False,False,True,False,False,False,False,False,True,6.0,I.C. LEONARDO DA VINCI,VENEZIA,VEEE87302L,VIA PORTO DI CAVERGNAGO ,45.4867282,12.276655,http://www.icleonardodavincivenezia.gov.it,SCUOLA PRIMARIA,VEIC87300D,30173
True,False,False,True,True,True,True,True,True,False,True,True,True,True,True,True,False,False,True,False,False,False,False,False,True,6.0,I.C. LEONARDO DA VINCI,VENEZIA,VEEE87301G,VIA BISSUOLA ,45.4952863,12.2498922,http://www.icleonardodavincivenezia.gov.it,SCUOLA PRIMARIA,VEIC87300D,30173
True,False,False,True,True,True,True,True,True,False,True,True,True,True,True,True,False,False,True,False,False,False,False,False,True,6.0,I.C. LEONARDO DA VINCI,VENEZIA,VEIC87300D,VIA VIRGILIO ,45.4959117,12.2626993,,ISTITUTO COMPRENSIVO,VEIC87300D,30173
True,False,False,True,True,True,True,True,True,False,True,True,True,True,True,True,False,False,True,False,False,False,False,False,True,6.0,I.C. LEONARDO DA VINCI,VENEZIA,VEEE87303N,VIA VIRGILIO ,45.4959117,12.2626993,http://www.icleonardodavincivenezia.gov.it,SCUOLA PRIMARIA,VEIC87300D,30173
True,False,False,True,True,True,True,True,True,False,True,True,True,True,True,True,False,False,True,False,False,False,False,False,True,6.0,I.C. LEONARDO DA VINCI,VENEZIA,VEMM87301E,VIA TEVERE 93,45.4975825,12.2571153,http://www.icleonardodavincivenezia.gov.it,SCUOLA PRIMO GRADO,VEIC87300D,30173
True,False,False,True,True,True,True,True,True,False,True,True,True,True,True,True,False,False,True,False,False,False,False,False,True,6.0,I.C. LEONARDO DA VINCI,VENEZIA,VEAA87302B,VIA BUOZZI ,42.7649163,11.1136781,http://www.icleonardodavincivenezia.gov.it,SCUOLA INFANZIA,VEIC87300D,30174
True,False,False,True,True,True,True,True,False,False,True,True,True,True,True,True,False,False,True,False,False,False,False,False,True,5.6,I.C. VIALE SAN MARCO,VENEZIA,VEIC874009,VIALE SAN MARCO ,45.5615953,12.298916,,ISTITUTO COMPRENSIVO,VEIC874009,30173
True,False,False,True,True,True,True,True,False,False,True,True,True,True,True,True,False,False,True,False,False,False,False,False,True,5.6,I.C. VIALE SAN MARCO,VENEZIA,VEEE87403D,VIALE S. MARCO 67,45.4781109,12.265883,http://www.icvialesanmarco.gov.it,SCUOLA PRIMARIA,VEIC874009,30173
True,False,False,True,True,True,True,True,False,False,True,True,True,True,True,True,False,False,True,False,False,False,False,False,True,5.6,I.C. VIALE SAN MARCO,VENEZIA,VEAA874016,VIALE S. MARCO 182,45.4781109,12.265883,http://www.icvialesanmarco.gov.it,SCUOLA INFANZIA,VEIC874009,30173
True,False,False,True,True,True,True,True,False,False,True,True,True,True,True,True,False,False,True,False,False,False,False,False,True,5.6,I.C. VIALE SAN MARCO,VENEZIA,VEEE87401B,VIA PACCAGNELLA 11,45.5100456,12.2232479,http://www.icnoale.gov.it,SCUOLA PRIMARIA,VEIC874009,30174
True,False,False,True,True,True,True,True,False,False,True,True,True,True,True,True,False,False,True,False,False,False,False,False,True,5.6,I.C. VIALE SAN MARCO,VENEZIA,VEMM87401A,VIA CICOGNARA ,45.7721399,12.0336968,http://www.icvialesanmarco.gov.it,SCUOLA PRIMO GRADO,VEIC874009,30173
True,False,False,True,True,True,True,True,False,False,True,True,True,True,True,True,False,False,True,False,False,False,False,False,True,5.6,I.C. VIALE SAN MARCO,VENEZIA,VEEE87402C,VIA GIARDINO 16,45.4946216,12.246140978804,http://www.icvialesanmarco.gov.it,SCUOLA PRIMARIA,VEIC874009,30174
True,True,False,True,True,True,True,True,False,True,True,True,True,True,True,True,False,False,True,False,False,False,False,False,True,6.4,I.C. L.SPALLANZANI,VENEZIA,VEIC875005,VIA CIMA D'ASTA 8,45.506028,12.2655683,,ISTITUTO COMPRENSIVO,VEIC875005,30174
True,True,False,True,True,True,True,True,False,True,True,True,True,True,True,True,False,False,True,False,False,False,False,False,True,6.4,I.C. L.SPALLANZANI,VENEZIA,VEMM875016,VIA CIMA D'ASTA 8,45.506028,12.2655683,http://www.icspallanzanimestre5.gov.it,SCUOLA PRIMO GRADO,VEIC875005,30174
True,True,False,True,True,True,True,True,False,True,True,True,True,True,True,True,False,False,True,False,False,False,False,False,True,6.4,I.C. L.SPALLANZANI,VENEZIA,VEEE875017,VIA MONTE BERICO 16,45.5071258,12.2549146,http://www.spallanzanimestre5.gov.it,SCUOLA PRIMARIA,VEIC875005,30174
True,True,False,False,True,True,False,False,False,True,False,False,False,False,True,True,False,False,True,False,False,False,False,False,True,3.6,LUIGI LUZZATTI,VENEZIA,VETD00401D,VIA PERLA,45.8095906,8.803722800000003,http://www.iisluzzatti.it,ISTITUTO TECNICO COMMERCIALE,VEIS004007,30174
True,True,False,False,True,True,False,False,False,True,False,False,False,False,True,True,False,False,True,False,False,False,False,False,True,3.6,LUIGI LUZZATTI,VENEZIA,VERC00451G,VIA PERLA,45.8095906,8.803722800000003,http://www.iisluzzatti.it,IST PROF PER I SERVIZI COMMERCIALI E TURISTICI,VEIS004007,30174
True,True,False,False,True,True,False,False,False,True,False,False,False,False,True,True,False,False,True,False,False,False,False,False,True,3.6,LUIGI LUZZATTI,VENEZIA,VEIS004007,VIA PERLAN ,45.4919594,12.212009599999998,,ISTITUTO SUPERIORE,VEIS004007,30174
True,True,False,False,True,True,False,False,False,True,False,False,False,False,True,True,False,False,True,False,False,False,False,False,True,3.6,LUIGI LUZZATTI,VENEZIA,VERI00401V,VIA ASSEGGIANO 4,45.4998435,12.168794,http://www.luzzattigramsci.it,IST PROF INDUSTRIA E ARTIGIANATO,VEIS004007,30174
True,True,False,False,True,True,False,False,False,True,False,False,False,False,True,True,False,False,True,False,False,False,False,False,True,3.6,LUIGI LUZZATTI,VENEZIA,VERC004016,VIA PERLA,45.8095906,8.803722800000003,http://www.iisluzzatti.it,IST PROF PER I SERVIZI COMMERCIALI E TURISTICI,VEIS004007,30174
True,True,False,True,True,True,False,False,False,False,True,False,True,False,True,True,False,False,True,False,False,False,False,False,True,4.4,I.I.S. LUIGI STEFANINI,VENEZIA,VEPM02000G,VIA DEL MIGLIO ,45.4926126,12.2669068,http://www.liceistefanini.gov.it,ISTITUTO MAGISTRALE,VEPM02000G,30173
True,True,False,False,True,True,True,False,False,False,True,False,True,False,True,True,False,False,True,False,False,False,False,False,True,4.4,UGO MORIN,VENEZIA,VEPS05000A,VIA ASSEGGIANO ,45.50029075,12.171889521836901,http://www.liceomorin.net,LICEO SCIENTIFICO,VEPS05000A,30174
True,False,False,False,False,False,False,False,False,False,False,False,False,False,True,False,False,False,False,False,False,False,False,False,True,1.2,ANDREA BARBARIGO,VENEZIA,VERH04000D,CASTELLO 639,45.4346809,12.350914064274301,http://www.barbarigo.it,IST PROF PER I SERVIZI ALBERGHIERI E RISTORAZIONE,VERH04000D,30122
True,False,False,False,False,False,False,False,False,False,False,False,False,False,True,False,False,False,False,False,False,False,False,False,True,1.2,ANDREA BARBARIGO,VENEZIA,VERH04050V,CASTELLO 639,45.4346809,12.350914064274301,http://www.barbarigo.it,IST PROF PER I SERVIZI ALBERGHIERI E RISTORAZIONE,VERH04000D,30122
True,True,False,True,True,True,False,False,False,True,False,False,False,False,True,True,False,False,True,False,False,False,False,False,True,4.0,CARLO ZUCCANTE,VENEZIA,VETF04000T,VIA BAGLIONI ,43.1097773,12.38923,http://www.itiszuccante.gov.it,ISTITUTO TECNICO INDUSTRIALE,VETF04000T,30173
